Region_Priority,Network_Region,Pipe_Priority_Within_Region,Leak_Location,Start_Node,End_Node,Predicted_Loss_ML_per_day,Recoverable_ML_per_day,Repair_Cost_INR,Recoverable_ML_per_1Lakh,Recommendation,Pipe,Start_X,Start_Y,End_X,End_Y
1,2,1,p762,n683,n264,1.341792,1.0734336,1000000.0,0.10734336,Critical Water Loss,p762,2101.51,626.53,2080.64,583.4
1,2,2,p426,n461,n462,1.1448,0.91584,500000.0,0.183168,Critical Water Loss,p426,1231.54,1001.12,1272.98,974.17
1,2,3,p721,n655,n656,1.11888,0.895104,1000000.0,0.0895104,Critical Water Loss,p721,1755.94,692.12,1798.11,691.81
1,2,4,p331,n398,n399,0.9115200000000043,0.7292160000000035,500000.0,0.1458432000000007,High Water Loss,p331,874.41,1205.19,924.99,1204.71
1,2,5,p277,n363,n19,0.6298283999999998,0.5038627199999999,200000.0,0.25193135999999994,Cost Efficient,p277,452.68,1442.27,439.91,1391.07
1,2,6,p257,n350,n351,0.5849280000000125,0.4679424000000101,200000.0,0.23397120000000504,Cost Efficient,p257,275.12,1576.83,318.71,1563.11
1,2,7,p710,n648,n228,0.4717403999999983,0.37739231999999867,500000.0,0.07547846399999973,Investigate,p710,1848.07,895.32,1904.17,894.73
1,2,8,p680,n626,n233,0.46313607620469893,0.3705088609637592,500000.0,0.07410177219275184,Investigate,p680,1706.96,571.61,1754.99,555.7
1,2,9,p427,n462,n340,0.4297606829570429,0.3438085463656343,200000.0,0.17190427318281715,Investigate,p427,1272.98,974.17,1314.42,947.21
2,1,1,p879,n765,n766,0.944352,0.7554816000000001,500000.0,0.15109632,High Water Loss,p879,2814.63,805.61,2818.1,754.79
2,1,2,p193,n326,n327,0.8819147345454558,0.7055317876363647,200000.0,0.35276589381818235,High Water Loss,p193,2763.89,495.26,2747.2,434.88
2,1,3,p810,n716,n717,0.5864294896303802,0.46914359170430414,500000.0,0.09382871834086083,Investigate,p810,2389.8,397.95,2436.8,396.6
3,3,1,p455,n480,n481,0.9469440000000001,0.7575552000000002,200000.0,0.3787776000000001,High Water Loss,p455,186.07,368.64,178.54,323.91
3,3,2,p123,n155,n159,0.7819200000000002,0.6255360000000001,500000.0,0.12510720000000003,High Water Loss,p123,877.85,782.22,912.7,758.45
3,3,3,p280,n365,n23,0.4501905142857144,0.3601524114285715,200000.0,0.18007620571428576,Investigate,p280,265.49,1114.97,314.66,1113.15
4,4,1,p654,n609,n610,0.46656000000000086,0.3732480000000007,200000.0,0.18662400000000035,Cost Efficient,p654,1240.85,404.62,1258.66,457.29
