Leak_Location,Model_MAE,Baseline_MAE,Improvement_%,Actual_Mean,Predicted_Mean
p142,0.0,3.591523564905415,100.0,0.0,0.0
p523,0.0,1.8148079745596872,100.0,0.0,0.0
p514,0.0,3.066792237442923,100.0,0.0,0.0
p827,0.0,1.396027804957599,100.0,0.0,0.0
p653,0.0,2.1318570613176777,100.0,0.0,0.0
p680,0.00038175370224794976,3.9957094386460814,99.99044590934075,5.362729578893963,5.362627939927843
p193,0.0016434045489959431,7.276145085888237,99.97741380181955,10.180759132420091,10.180117923559282
p331,0.0011277605503645918,4.438921867072552,99.97459381840599,10.483959918822933,10.483947106653352
p710,0.0005495242284808156,1.7255676052765092,99.96815400180205,5.435797818366311,5.435667306174128
p277,0.001953926091040756,5.611714639051968,99.96518129989285,7.225116057838661,7.224851911860068
p280,0.0009354968711142735,0.8180262466478216,99.88563974873082,5.183393581938103,5.183120269411691
p654,0.00023176928542658872,0.043918342641905486,99.47227224097148,5.37859398782344,5.378482038235607
p257,0.0008669896582187171,0.05751581587067706,98.49260652032109,6.702146752917302,6.70232703261779
p810,0.0013658300802296911,0.06180252983533537,97.79000943186506,6.769169837645864,6.76885158480572
p427,0.0032826218701765054,0.06762317644219062,95.1457147639571,4.949594748858447,4.952788230196756
p721,7.552135562458389,12.432496104225557,39.25487288195031,12.906156139015728,5.354020576557338
p123,8.024831303906646,8.024831303906646,0.0,8.024831303906646,0.0
p426,13.189741882293253,13.189741882293253,0.0,13.189741882293253,0.0
p455,7.5429559868087255,7.5429559868087255,0.0,7.5429559868087255,0.0
p879,2.7598122780314562,2.7598122780314562,0.0,2.7598122780314562,0.0
p762,12.583187468290207,12.583187468290207,0.0,12.583187468290207,0.0
p586,20.261483801204495,2.1459627092846274,-844.1675623505503,0.0,20.261483801204495
p800,14.367620623970781,1.1091329636877578,-1195.3920850210654,0.0,14.367620623970781
