Pipe,Start_Node,End_Node,Start_X,Start_Y,End_X,End_Y
p1,n62,n61,724.95,1097.08,725.87,1121.15
p2,n66,n64,722.29,1043.96,722.95,1058.3
p3,n86,n90,1161.0,1063.44,1190.11,1028.08
p4,n71,n70,745.58,918.67,716.36,917.96
p5,n3,n2,271.28,1480.96,274.23,1504.56
p6,n12,n14,271.09,1281.28,302.24,1279.26
p7,n6,n9,261.33,1361.98,256.54,1318.85
p8,n22,n30,525.83,1490.19,575.55,1471.84
p9,n67,n66,719.53,990.91,722.29,1043.96
p10,n46,n48,574.86,1216.08,617.95,1261.56
p11,n7,n10,369.97,1543.26,361.45,1475.42
p12,n9,n4,256.54,1318.85,186.62,1326.65
p13,n31,n27,361.51,1100.77,378.84,1136.18
p14,n14,n16,302.24,1279.26,336.37,1277.06
p15,n15,n16,344.84,1347.41,336.37,1277.06
p16,n16,n18,336.37,1277.06,331.16,1227.21
p17,n18,n20,331.16,1227.21,325.78,1173.23
p18,n18,n24,331.16,1227.21,393.3,1207.5
p19,n21,n25,181.22,914.67,195.95,860.16
p20,n26,n28,309.66,1037.48,305.94,1008.07
p21,n27,n34,378.84,1136.18,423.91,1120.35
p22,n28,n33,305.94,1008.07,300.29,964.57
p23,n29,n32,482.97,1314.28,478.09,1296.3
p24,n32,n36,478.09,1296.3,525.89,1281.28
p25,n33,n35,300.29,964.57,292.4,892.5
p26,n34,n37,423.91,1120.35,405.03,1063.3
p27,n35,n38,292.4,892.5,288.82,853.94
p28,n36,n41,525.89,1281.28,566.53,1268.51
p29,n37,n45,405.03,1063.3,460.34,1032.96
p30,n37,n39,405.03,1063.3,389.45,1016.1
p31,n40,n42,370.29,938.65,403.76,973.45
p32,n42,n43,403.76,973.45,432.65,1003.48
p33,n43,n45,432.65,1003.48,460.34,1032.96
p34,n50,n55,727.0,1399.94,777.67,1368.09
p35,n51,n53,445.94,892.44,444.76,848.99
p36,n52,n56,512.28,995.79,566.99,994.58
p37,n54,n57,621.8,1124.08,609.29,1055.0
p38,n60,n61,716.93,1123.7,725.87,1121.15
p39,n61,n65,725.87,1121.15,760.67,1111.34
p40,n62,n64,724.95,1097.08,722.95,1058.3
p41,n63,n65,761.12,1142.36,760.67,1111.34
p42,n72,n73,855.04,1060.67,856.14,1039.65
p43,n73,n74,856.14,1039.65,857.37,1016.18
p44,n74,n76,857.37,1016.18,861.89,948.46
p45,n76,n78,861.89,948.46,866.29,878.52
p46,n77,n79,954.16,1031.85,946.9,1007.57
p47,n78,n80,866.29,878.52,869.08,831.04
p48,n79,n81,946.9,1007.57,943.91,956.0
p49,n85,n86,1142.52,1079.08,1161.0,1063.44
p50,n89,n91,1097.78,876.0,1140.09,898.21
p51,n91,n92,1140.09,898.21,1163.25,905.36
p52,n91,n88,1140.09,898.21,1126.66,943.79
p53,n238,n235,1925.46,770.1,1898.19,772.99
p54,n278,n279,2196.79,519.11,2196.9,506.88
p55,n267,n269,2167.05,677.06,2200.09,674.83
p56,n310,n312,2476.94,457.71,2476.35,445.43
p57,n218,n219,1562.62,897.08,1558.86,845.7
p58,n277,n278,2197.04,535.91,2196.79,519.11
p59,n268,n273,2141.65,606.4,2198.62,603.33
p60,n309,n308,2478.53,499.12,2479.41,518.68
p61,n280,n286,2371.48,789.98,2425.74,786.58
p62,n275,n280,2334.02,792.33,2371.48,789.98
p63,n280,n283,2371.48,789.98,2367.0,724.4
p64,n293,n294,2405.76,668.93,2412.43,668.54
p65,n287,n291,2538.56,967.69,2541.76,937.82
p66,n245,n240,2046.96,894.6,2004.39,894.55
p67,n250,n249,2103.63,889.65,2103.47,894.66
p68,n258,n259,2055.01,692.25,2055.32,682.07
p69,n314,n316,2750.64,847.75,2754.25,825.67
p70,n302,n297,2411.1,516.74,2363.37,519.2
p71,n328,n327,2769.11,427.91,2747.2,434.88
p72,n242,n246,1768.52,456.83,1771.99,413.95
p73,n236,n242,1765.63,499.29,1768.52,456.83
p74,n233,n236,1754.99,555.7,1765.63,499.29
p75,n231,n233,1746.95,576.21,1754.99,555.7
p76,n227,n231,1732.87,611.57,1746.95,576.21
p77,n302,n301,2411.1,516.74,2411.41,522.16
p78,n254,n253,1848.77,391.16,1847.97,400.33
p79,n222,n221,1641.48,840.68,1641.78,845.18
p80,n235,n239,1898.19,772.99,1895.25,717.74
p81,n126,n121,203.17,77.03,194.1,136.42
p82,n121,n118,194.1,136.42,182.34,147.27
p83,n177,n175,796.45,254.0,783.83,249.68
p84,n162,n159,934.43,751.2,912.7,758.45
p85,n193,n190,1088.53,487.69,1072.1,487.17
p86,n150,n153,779.88,662.72,803.43,664.31
p87,n156,n157,682.2,421.82,713.2,445.23
p88,n168,n171,872.72,528.28,893.49,538.09
p89,n141,n133,686.52,649.74,623.81,629.64
p90,n122,n120,441.66,560.52,424.38,555.28
p91,n145,n146,698.87,585.63,699.42,580.32
p92,n109,n107,314.52,498.03,314.25,505.08
p93,n189,n188,956.08,289.28,936.66,285.66
p94,n194,n193,1107.83,487.78,1088.53,487.69
p95,n94,n97,280.55,763.35,331.42,760.19
p96,n96,n99,215.29,564.74,208.68,502.81
p97,n99,n102,208.68,502.81,275.55,502.64
p98,n101,n103,290.47,557.11,313.2,556.67
p99,n102,n106,275.55,502.64,274.45,441.94
p100,n102,n107,275.55,502.64,314.25,505.08
p101,n103,n107,313.2,556.67,314.25,505.08
p102,n104,n114,171.01,279.19,240.32,280.96
p103,n104,n108,171.01,279.19,163.99,239.76
p104,n105,n113,332.64,554.96,384.78,555.06
p105,n110,n115,415.72,658.53,465.63,663.63
p106,n110,n112,415.72,658.53,417.4,638.33
p107,n113,n120,384.78,555.06,424.38,555.28
p108,n114,n116,240.32,280.96,256.48,288.69
p109,n114,n119,240.32,280.96,246.15,255.65
p110,n115,n111,465.63,663.63,458.67,732.35
p111,n116,n125,256.48,288.69,323.81,290.36
p112,n127,n131,270.57,166.58,283.28,126.16
p113,n134,n137,382.8,206.77,430.85,241.21
p114,n136,n147,513.76,388.27,556.44,328.41
p115,n138,n143,601.12,532.38,635.34,483.62
p116,n139,n135,373.51,131.03,362.92,164.59
p117,n140,n144,768.02,804.56,827.24,810.58
p118,n141,n145,686.52,649.74,698.87,585.63
p119,n144,n155,827.24,810.58,877.85,782.22
p120,n146,n149,699.42,580.32,704.16,533.84
p121,n147,n148,556.44,328.41,588.0,351.62
p122,n148,n151,588.0,351.62,617.83,373.57
p123,n155,n159,877.85,782.22,912.7,758.45
p124,n157,n160,713.2,445.23,756.81,470.46
p125,n160,n164,756.81,470.46,800.83,492.62
p126,n161,n163,843.12,600.12,869.24,622.9
p127,n162,n169,934.43,751.2,993.5,734.78
p128,n166,n168,858.56,521.58,872.72,528.28
p129,n167,n170,920.7,627.75,942.22,629.54
p130,n169,n176,993.5,734.78,1067.85,732.35
p131,n170,n174,942.22,629.54,953.71,566.54
p132,n171,n173,893.49,538.09,928.9,554.77
p133,n172,n175,733.72,232.53,783.83,249.68
p134,n173,n174,928.9,554.77,953.71,566.54
p135,n177,n179,796.45,254.0,835.46,264.94
p136,n178,n180,1003.16,589.53,1034.08,604.93
p137,n183,n185,866.5,274.35,898.57,277.14
p138,n180,n186,1034.08,604.93,1090.25,587.4
p139,n180,n181,1034.08,604.93,1056.46,630.41
p140,n186,n192,1090.25,587.4,1137.55,583.51
p141,n189,n195,956.08,289.28,1025.24,301.64
p142,n192,n196,1137.55,583.51,1192.63,581.02
p143,n197,n199,1113.87,317.46,1185.25,330.18
p144,n201,n202,1506.54,582.04,1508.93,554.08
p145,n205,n206,1612.65,644.21,1636.63,668.44
p146,n205,n208,1612.65,644.21,1629.01,592.81
p147,n217,n215,1704.52,382.32,1638.34,378.76
p148,n209,n210,1632.35,565.57,1636.29,517.86
p149,n209,n211,1632.35,565.57,1672.42,568.34
p150,n210,n213,1636.29,517.86,1699.15,522.98
p151,n212,n216,1638.94,452.0,1701.69,458.21
p152,n212,n215,1638.94,452.0,1638.34,378.76
p153,n221,n223,1641.78,845.18,1690.26,842.71
p154,n223,n224,1690.26,842.71,1691.99,782.26
p155,n226,n227,1712.94,623.74,1732.87,611.57
p156,n228,n232,1904.17,894.73,1901.18,834.14
p157,n231,n234,1746.95,576.21,1774.41,580.5
p158,n232,n235,1901.18,834.14,1898.19,772.99
p159,n233,n237,1754.99,555.7,1793.43,546.2
p160,n236,n243,1765.63,499.29,1797.82,479.88
p161,n239,n241,1895.25,717.74,1893.1,683.37
p162,n242,n247,1768.52,456.83,1805.93,436.45
p163,n244,n251,1889.11,627.98,1952.82,622.69
p164,n248,n249,2101.21,945.9,2103.47,894.66
p165,n250,n257,2103.63,889.65,2162.96,890.35
p166,n252,n258,1998.45,693.21,2055.01,692.25
p167,n260,n256,1930.12,446.34,1906.63,447.86
p168,n262,n267,2118.18,680.81,2167.05,677.06
p169,n269,n273,2200.09,674.83,2198.62,603.33
p170,n270,n276,2093.38,482.16,2160.98,478.77
p171,n271,n274,2393.77,985.03,2409.17,938.26
p172,n274,n281,2409.17,938.26,2426.89,885.77
p173,n281,n282,2426.89,885.77,2429.12,832.94
p174,n282,n286,2429.12,832.94,2425.74,786.58
p175,n283,n289,2367.0,724.4,2408.92,721.88
p176,n284,n293,2347.17,665.86,2405.76,668.93
p177,n284,n290,2347.17,665.86,2342.02,593.81
p178,n289,n293,2408.92,721.88,2405.76,668.93
p179,n291,n292,2541.76,937.82,2544.48,918.13
p180,n292,n295,2544.48,918.13,2547.28,884.0
p181,n292,n296,2544.48,918.13,2576.89,923.8
p182,n298,n300,2682.87,1050.98,2719.49,1060.34
p183,n299,n305,2487.38,664.19,2483.71,601.56
p184,n301,n308,2411.41,522.16,2479.41,518.68
p185,n305,n306,2483.71,601.56,2480.63,546.14
p186,n311,n316,2693.1,823.77,2754.25,825.67
p187,n312,n313,2476.35,445.43,2483.8,395.24
p188,n314,n319,2750.64,847.75,2811.17,856.43
p189,n316,n320,2754.25,825.67,2762.66,771.21
p190,n317,n321,2555.67,439.01,2560.37,398.41
p191,n322,n323,2764.13,701.69,2768.23,647.61
p192,n325,n326,2772.13,534.16,2763.89,495.26
p193,n326,n327,2763.89,495.26,2747.2,434.88
p194,n328,n331,2769.11,427.91,2820.89,411.44
p195,n246,n217,1771.99,413.95,1704.52,382.32
p196,n95,n98,226.16,644.61,281.88,640.91
p197,n122,n124,441.66,560.52,474.04,570.36
p198,n130,n133,557.63,609.69,623.81,629.64
p199,n137,n142,430.85,241.21,491.67,283.43
p200,n154,n156,652.08,399.06,682.2,421.82
p201,n163,n167,869.24,622.9,920.7,627.75
p202,n164,n166,800.83,492.62,858.56,521.58
p203,n174,n178,953.71,566.54,1003.16,589.53
p204,n179,n183,835.46,264.94,866.5,274.35
p205,n181,n182,1056.46,630.41,1077.3,658.25
p206,n185,n188,898.57,277.14,936.66,285.66
p207,n208,n209,1629.01,592.81,1632.35,565.57
p208,n221,n220,1641.78,845.18,1646.61,914.36
p209,n241,n244,1893.1,683.37,1889.11,627.98
p210,n245,n249,2046.96,894.6,2103.47,894.66
p211,n251,n255,1952.82,622.69,1982.68,617.48
p212,n260,n261,1930.12,446.34,1925.52,395.4
p213,n263,n267,2168.95,737.97,2167.05,677.06
p214,n264,n266,2080.64,583.4,2101.07,568.83
p215,n273,n277,2198.62,603.33,2197.04,535.91
p216,n304,n307,2673.29,940.08,2687.99,900.08
p217,n306,n308,2480.63,546.14,2479.41,518.68
p218,n309,n310,2478.53,499.12,2476.94,457.71
p219,n315,n317,2557.96,493.87,2555.67,439.01
p220,n320,n322,2762.66,771.21,2764.13,701.69
p221,n323,n324,2768.23,647.61,2773.28,581.82
p222,n324,n325,2773.28,581.82,2772.13,534.16
p223,n103,n105,313.2,556.67,332.64,554.96
p224,n136,n334,513.76,388.27,536.59,415.93
p225,n334,n333,536.59,415.93,569.87,439.74
p226,n332,n143,603.95,462.8,635.34,483.62
p227,R1,n303,2760.32,1079.74,2737.79,1065.03
p228,n130,n128,557.63,609.69,515.67,589.07
p229,n129,n69,659.8,795.05,674.2,852.92
p230,n67,n70,719.53,990.91,716.36,917.96
p231,n144,n80,827.24,810.58,869.08,831.04
p232,n184,n191,1130.99,718.1,1204.59,707.94
p233,n152,n158,520.55,183.11,571.03,196.53
p234,n124,n128,474.04,570.36,515.67,589.07
p235,R2,n336,444.86,806.31,449.24,770.4
p236,n210,n212,1636.29,517.86,1638.94,452.0
p237,n341,n198,1391.36,762.78,1395.96,701.0
p238,n151,n154,617.83,373.57,652.08,399.06
p239,T1,n343,573.35,1142.78,548.48,1153.26
p240,n343,n44,548.48,1153.26,526.16,1162.06
p241,n5,n8,158.93,1233.34,162.65,1181.32
p242,n8,n11,162.65,1181.32,167.14,1118.61
p243,n11,n13,167.14,1118.61,170.68,1059.78
p244,n13,n17,170.68,1059.78,177.12,987.98
p245,n17,n21,177.12,987.98,181.22,914.67
p246,n10,n344,361.45,1475.42,353.14,1409.75
p247,n344,n15,353.14,1409.75,344.84,1347.41
p248,n24,n346,393.3,1207.5,447.73,1192.11
p249,n345,n29,424.85,1329.87,482.97,1314.28
p250,n19,n345,439.91,1391.07,424.85,1329.87
p251,n23,n31,314.66,1113.15,361.51,1100.77
p252,n20,n23,325.78,1173.23,314.66,1113.15
p253,n1,n347,138.22,1549.64,135.02,1617.66
p254,n347,n348,135.02,1617.66,179.23,1607.01
p255,n348,n349,179.23,1607.01,227.11,1590.82
p256,n349,n350,227.11,1590.82,275.12,1576.83
p257,n350,n351,275.12,1576.83,318.71,1563.11
p258,n351,n7,318.71,1563.11,369.97,1543.26
p259,n2,n352,274.23,1504.56,317.84,1489.99
p260,n352,n10,317.84,1489.99,361.45,1475.42
p261,n3,n353,271.28,1480.96,263.42,1433.65
p262,n353,n354,263.42,1433.65,308.0,1421.64
p263,n354,n344,308.0,1421.64,353.14,1409.75
p264,n5,n355,158.93,1233.34,217.79,1235.65
p265,n355,n356,217.79,1235.65,265.51,1239.01
p266,n356,n12,265.51,1239.01,271.09,1281.28
p267,n6,n357,261.33,1361.98,305.24,1353.42
p268,n357,n14,305.24,1353.42,302.24,1279.26
p269,n7,n358,369.97,1543.26,421.93,1525.57
p270,n358,n359,421.93,1525.57,473.87,1507.88
p271,n359,n22,473.87,1507.88,525.83,1490.19
p272,n8,n360,162.65,1181.32,217.03,1178.62
p273,n360,n361,217.03,1178.62,271.4,1175.93
p274,n361,n20,271.4,1175.93,325.78,1173.23
p275,n10,n362,361.45,1475.42,413.65,1457.94
p276,n362,n363,413.65,1457.94,452.68,1442.27
p277,n363,n19,452.68,1442.27,439.91,1391.07
p278,n11,n364,167.14,1118.61,216.32,1116.79
p279,n364,n365,216.32,1116.79,265.49,1114.97
p280,n365,n23,265.49,1114.97,314.66,1113.15
p281,n13,n366,170.68,1059.78,217.01,1052.35
p282,n366,n367,217.01,1052.35,263.33,1044.91
p283,n367,n26,263.33,1044.91,309.66,1037.48
p284,n15,n368,344.84,1347.41,384.84,1338.64
p285,n368,n345,384.84,1338.64,424.85,1329.87
p286,n17,n369,177.12,987.98,218.18,980.17
p287,n369,n370,218.18,980.17,259.23,972.37
p288,n370,n33,259.23,972.37,300.29,964.57
p289,n19,n371,439.91,1391.07,396.53,1400.41
p290,n371,n344,396.53,1400.41,353.14,1409.75
p291,n20,n372,325.78,1173.23,377.56,1167.44
p292,n372,n27,377.56,1167.44,378.84,1136.18
p293,n21,n373,181.22,914.67,236.81,903.59
p294,n373,n35,236.81,903.59,292.4,892.5
p295,n22,n374,525.83,1490.19,515.11,1446.21
p296,n374,n375,515.11,1446.21,504.4,1402.24
p297,n375,n376,504.4,1402.24,493.68,1358.26
p298,n376,n29,493.68,1358.26,482.97,1314.28
p299,n23,n377,314.66,1113.15,312.17,1075.32
p300,n377,n26,312.17,1075.32,309.66,1037.48
p301,n24,n378,393.3,1207.5,403.81,1248.29
p302,n378,n379,403.81,1248.29,414.34,1289.08
p303,n379,n345,414.34,1289.08,424.85,1329.87
p304,n28,n380,305.94,1008.07,354.86,990.76
p305,n380,n42,354.86,990.76,403.76,973.45
p306,n30,n381,575.55,1471.84,563.14,1424.2
p307,n381,n382,563.14,1424.2,550.73,1376.56
p308,n382,n383,550.73,1376.56,538.31,1328.92
p309,n383,n36,538.31,1328.92,525.89,1281.28
p310,n32,n384,478.09,1296.3,462.92,1244.21
p311,n384,n346,462.92,1244.21,447.73,1192.11
p312,n34,n385,423.91,1120.35,435.83,1156.23
p313,n385,n346,435.83,1156.23,447.73,1192.11
p314,n38,n386,288.82,853.94,329.56,896.3
p315,n386,n40,329.56,896.3,370.29,938.65
p316,n44,n387,526.16,1162.06,504.22,1119.03
p317,n387,n388,504.22,1119.03,482.27,1075.99
p318,n388,n45,482.27,1075.99,460.34,1032.96
p319,n44,n389,526.16,1162.06,486.95,1177.09
p320,n389,n346,486.95,1177.09,447.73,1192.11
p321,n47,n390,570.9,1208.08,571.47,1176.46
p322,n390,n391,571.47,1176.46,626.09,1151.64
p323,n391,n392,626.09,1151.64,672.85,1137.73
p324,n392,n60,672.85,1137.73,716.93,1123.7
p325,n47,n393,570.9,1208.08,621.49,1207.6
p326,n393,n394,621.49,1207.6,672.07,1207.11
p327,n394,n395,672.07,1207.11,722.66,1206.63
p328,n395,n396,722.66,1206.63,773.24,1206.15
p329,n396,n397,773.24,1206.15,823.82,1205.67
p330,n397,n398,823.82,1205.67,874.41,1205.19
p331,n398,n399,874.41,1205.19,924.99,1204.71
p332,n399,n75,924.99,1204.71,975.58,1204.22
p333,n48,n400,617.95,1261.56,668.21,1260.96
p334,n400,n401,668.21,1260.96,718.46,1260.38
p335,n401,n59,718.46,1260.38,768.71,1259.78
p336,n48,n402,617.95,1261.56,630.46,1304.15
p337,n402,n403,630.46,1304.15,659.77,1341.02
p338,n403,n404,659.77,1341.02,689.25,1388.1
p339,n404,n50,689.25,1388.1,727.0,1399.94
p340,n49,n405,519.13,1067.77,564.22,1061.39
p341,n405,n57,564.22,1061.39,609.29,1055.0
p342,n51,n406,445.94,892.44,486.07,891.14
p343,n406,n58,486.07,891.14,526.2,889.83
p344,n52,n407,512.28,995.79,519.24,942.81
p345,n407,n58,519.24,942.81,526.2,889.83
p346,n54,n408,621.8,1124.08,673.38,1110.58
p347,n408,n62,673.38,1110.58,724.95,1097.08
p348,n55,n409,777.67,1368.09,773.19,1313.93
p349,n409,n59,773.19,1313.93,768.71,1259.78
p350,n55,n410,777.67,1368.09,820.52,1331.76
p351,n410,n411,820.52,1331.76,863.39,1295.43
p352,n411,n68,863.39,1295.43,906.24,1259.09
p353,n56,n412,566.99,994.58,617.83,993.35
p354,n412,n413,617.83,993.35,668.68,992.14
p355,n413,n67,668.68,992.14,719.53,990.91
p356,n57,n414,609.29,1055.0,665.79,1049.48
p357,n414,n66,665.79,1049.48,722.29,1043.96
p358,n58,n415,526.2,889.83,532.49,833.25
p359,n415,n117,532.49,833.25,538.76,776.66
p360,n59,n416,768.71,1259.78,814.56,1259.54
p361,n416,n417,814.56,1259.54,860.4,1259.32
p362,n417,n68,860.4,1259.32,906.24,1259.09
p363,n62,n418,724.95,1097.08,768.31,1084.95
p364,n418,n419,768.31,1084.95,811.68,1072.8
p365,n419,n72,811.68,1072.8,855.04,1060.67
p366,n63,n420,761.12,1142.36,811.49,1142.14
p367,n420,n421,811.49,1142.14,861.86,1141.9
p368,n421,n422,861.86,1141.9,912.24,1141.67
p369,n422,n423,912.24,1141.67,962.6,1141.45
p370,n423,n424,962.6,1141.45,1012.97,1141.21
p371,n424,n82,1012.97,1141.21,1063.35,1140.98
p372,n64,n425,722.95,1058.3,767.35,1052.08
p373,n425,n426,767.35,1052.08,811.74,1045.87
p374,n426,n73,811.74,1045.87,856.14,1039.65
p375,n65,n427,760.67,1111.34,807.97,1102.08
p376,n427,n428,807.97,1102.08,854.26,1089.09
p377,n428,n429,854.26,1089.09,904.62,1077.18
p378,n429,n430,904.62,1077.18,951.61,1083.25
p379,n430,n431,951.61,1083.25,998.83,1085.74
p380,n431,n432,998.83,1085.74,1047.15,1084.17
p381,n432,n433,1047.15,1084.17,1094.8,1083.12
p382,n433,n85,1094.8,1083.12,1142.52,1079.08
p383,n68,n434,906.24,1259.09,940.91,1231.66
p384,n434,n75,940.91,1231.66,975.58,1204.22
p385,n69,n435,674.2,852.92,670.66,915.81
p386,n435,n70,670.66,915.81,716.36,917.96
p387,n72,n436,855.04,1060.67,904.61,1046.25
p388,n436,n77,904.61,1046.25,954.16,1031.85
p389,n74,n437,857.37,1016.18,902.13,1011.87
p390,n437,n79,902.13,1011.87,946.9,1007.57
p391,n75,n438,975.58,1204.22,1019.47,1172.6
p392,n438,n82,1019.47,1172.6,1063.35,1140.98
p393,n76,n439,861.89,948.46,902.9,952.23
p394,n439,n81,902.9,952.23,943.91,956.0
p395,n77,n440,954.16,1031.85,997.91,1021.94
p396,n440,n441,997.91,1021.94,1041.64,1012.03
p397,n441,n442,1041.64,1012.03,1095.65,988.29
p398,n442,n87,1095.65,988.29,1129.13,992.21
p399,n78,n443,866.29,878.52,913.87,891.0
p400,n443,n444,913.87,891.0,956.94,898.18
p401,n444,n84,956.94,898.18,954.19,855.32
p402,n80,n445,869.08,831.04,911.64,843.18
p403,n445,n84,911.64,843.18,954.19,855.32
p404,n81,n446,943.91,956.0,996.98,943.75
p405,n446,n447,996.98,943.75,1042.54,933.45
p406,n447,n448,1042.54,933.45,1091.19,922.54
p407,n448,n89,1091.19,922.54,1097.78,876.0
p408,n82,n449,1063.35,1140.98,1102.94,1110.03
p409,n449,n85,1102.94,1110.03,1142.52,1079.08
p410,n83,n450,1042.5,1036.71,1091.7,1033.83
p411,n450,n451,1091.7,1033.83,1140.9,1030.96
p412,n451,n90,1140.9,1030.96,1190.11,1028.08
p413,n84,n452,954.19,855.32,1001.38,871.34
p414,n452,n453,1001.38,871.34,1049.92,869.1
p415,n453,n89,1049.92,869.1,1097.78,876.0
p416,n87,n454,1129.13,992.21,1161.85,955.1
p417,n454,n455,1161.85,955.1,1194.59,917.99
p418,n455,n456,1194.59,917.99,1227.32,880.87
p419,n456,n457,1227.32,880.87,1260.06,843.76
p420,n457,n93,1260.06,843.76,1292.79,806.64
p421,n89,n458,1097.78,876.0,1066.26,847.65
p422,n458,n459,1066.26,847.65,1026.06,821.64
p423,n459,n460,1026.06,821.64,1005.02,789.15
p424,n460,n169,1005.02,789.15,993.5,734.78
p425,n90,n461,1190.11,1028.08,1231.54,1001.12
p426,n461,n462,1231.54,1001.12,1272.98,974.17
p427,n462,n340,1272.98,974.17,1314.42,947.21
p428,n93,n463,1292.79,806.64,1252.34,784.51
p429,n463,n464,1252.34,784.51,1211.89,762.37
p430,n464,n465,1211.89,762.37,1171.44,740.24
p431,n465,n184,1171.44,740.24,1130.99,718.1
p432,n93,n466,1292.79,806.64,1334.44,821.68
p433,n466,n467,1334.44,821.68,1376.1,836.7
p434,n467,n342,1376.1,836.7,1417.76,851.74
p435,n94,n468,280.55,763.35,281.22,702.13
p436,n468,n98,281.22,702.13,281.88,640.91
p437,n94,n469,280.55,763.35,223.12,777.03
p438,n469,n470,223.12,777.03,224.62,728.08
p439,n470,n471,224.62,728.08,218.8,690.24
p440,n471,n95,218.8,690.24,226.16,644.61
p441,n95,n472,226.16,644.61,220.72,604.68
p442,n472,n96,220.72,604.68,215.29,564.74
p443,n96,n473,215.29,564.74,252.89,560.92
p444,n473,n101,252.89,560.92,290.47,557.11
p445,n97,n474,331.42,760.19,330.68,701.33
p446,n474,n100,330.68,701.33,329.93,642.47
p447,n97,n475,331.42,760.19,396.98,751.05
p448,n475,n476,396.98,751.05,406.25,705.63
p449,n476,n110,406.25,705.63,415.72,658.53
p450,n98,n477,281.88,640.91,286.18,599.01
p451,n477,n101,286.18,599.01,290.47,557.11
p452,n99,n478,208.68,502.81,201.14,458.08
p453,n478,n479,201.14,458.08,193.61,413.36
p454,n479,n480,193.61,413.36,186.07,368.64
p455,n480,n481,186.07,368.64,178.54,323.91
p456,n481,n104,178.54,323.91,171.01,279.19
p457,n100,n482,329.93,642.47,373.67,640.4
p458,n482,n112,373.67,640.4,417.4,638.33
p459,n100,n483,329.93,642.47,331.29,598.72
p460,n483,n105,331.29,598.72,332.64,554.96
p461,n106,n484,274.45,441.94,261.18,404.8
p462,n484,n485,261.18,404.8,256.04,356.27
p463,n485,n116,256.04,356.27,256.48,288.69
p464,n108,n486,163.99,239.76,173.17,193.52
p465,n486,n118,173.17,193.52,182.34,147.27
p466,n108,n487,163.99,239.76,205.07,247.71
p467,n487,n119,205.07,247.71,246.15,255.65
p468,n109,n488,314.52,498.03,316.84,446.11
p469,n488,n489,316.84,446.11,319.16,394.2
p470,n489,n490,319.16,394.2,321.48,342.28
p471,n490,n125,321.48,342.28,323.81,290.36
p472,n112,n491,417.4,638.33,420.9,596.8
p473,n491,n120,420.9,596.8,424.38,555.28
p474,n113,n492,384.78,555.06,381.77,505.71
p475,n492,n493,381.77,505.71,378.74,456.38
p476,n493,n123,378.74,456.38,375.73,407.03
p477,n115,n494,465.63,663.63,469.84,617.0
p478,n494,n124,469.84,617.0,474.04,570.36
p479,n115,n495,465.63,663.63,490.66,626.35
p480,n495,n128,490.66,626.35,515.67,589.07
p481,n117,n496,538.76,776.66,545.05,721.01
p482,n496,n497,545.05,721.01,551.34,665.34
p483,n497,n130,551.34,665.34,557.63,609.69
p484,n117,n498,538.76,776.66,599.28,785.86
p485,n498,n129,599.28,785.86,659.8,795.05
p486,n119,n499,246.15,255.65,258.37,211.12
p487,n499,n127,258.37,211.12,270.57,166.58
p488,n120,n500,424.38,555.28,439.17,506.92
p489,n500,n501,439.17,506.92,462.11,467.35
p490,n501,n502,462.11,467.35,487.75,428.51
p491,n502,n136,487.75,428.51,513.76,388.27
p492,n121,n503,194.1,136.42,232.34,151.5
p493,n503,n127,232.34,151.5,270.57,166.58
p494,n122,n504,441.66,560.52,473.3,512.33
p495,n504,n505,473.3,512.33,504.95,464.12
p496,n505,n334,504.95,464.12,536.59,415.93
p497,n123,n506,375.73,407.03,417.64,392.3
p498,n506,n132,417.64,392.3,424.4,329.23
p499,n123,n507,375.73,407.03,377.5,356.97
p500,n507,n508,377.5,356.97,379.27,306.9
p501,n508,n509,379.27,306.9,381.04,256.83
p502,n509,n134,381.04,256.83,382.8,206.77
p503,n124,n510,474.04,570.36,505.99,526.82
p504,n510,n511,505.99,526.82,537.93,483.28
p505,n511,n333,537.93,483.28,569.87,439.74
p506,n125,n512,323.81,290.36,326.11,243.7
p507,n512,n513,326.11,243.7,333.63,191.29
p508,n513,n134,333.63,191.29,382.8,206.77
p509,n126,n514,203.17,77.03,245.75,90.53
p510,n514,n515,245.75,90.53,288.34,104.03
p511,n515,n516,288.34,104.03,330.92,117.53
p512,n516,n139,330.92,117.53,373.51,131.03
p513,n128,n517,515.67,589.07,545.09,546.98
p514,n517,n518,545.09,546.98,574.52,504.9
p515,n518,n332,574.52,504.9,603.95,462.8
p516,n129,n519,659.8,795.05,713.91,799.8
p517,n519,n140,713.91,799.8,768.02,804.56
p518,n129,n520,659.8,795.05,668.7,746.62
p519,n520,n521,668.7,746.62,677.62,698.18
p520,n521,n141,677.62,698.18,686.52,649.74
p521,n130,n522,557.63,609.69,579.38,571.04
p522,n522,n138,579.38,571.04,601.12,532.38
p523,n132,n523,424.4,329.23,427.62,285.22
p524,n523,n137,427.62,285.22,430.85,241.21
p525,n132,n524,424.4,329.23,469.08,358.75
p526,n524,n136,469.08,358.75,513.76,388.27
p527,n138,n525,601.12,532.38,650.0,559.01
p528,n525,n145,650.0,559.01,698.87,585.63
p529,n139,n526,373.51,131.03,422.52,148.38
p530,n526,n527,422.52,148.38,471.54,165.75
p531,n527,n152,471.54,165.75,520.55,183.11
p532,n140,n528,768.02,804.56,771.97,757.28
p533,n528,n529,771.97,757.28,775.93,710.0
p534,n529,n150,775.93,710.0,779.88,662.72
p535,n142,n530,491.67,283.43,506.12,233.27
p536,n530,n152,506.12,233.27,520.55,183.11
p537,n142,n531,491.67,283.43,524.06,305.92
p538,n531,n147,524.06,305.92,556.44,328.41
p539,n143,n532,635.34,483.62,669.76,508.72
p540,n532,n149,669.76,508.72,704.16,533.84
p541,n143,n533,635.34,483.62,658.77,452.72
p542,n533,n156,658.77,452.72,682.2,421.82
p543,n144,n534,827.24,810.58,831.22,757.96
p544,n534,n535,831.22,757.96,831.65,704.97
p545,n535,n536,831.65,704.97,829.95,654.44
p546,n536,n161,829.95,654.44,843.12,600.12
p547,n146,n537,699.42,580.32,739.65,621.52
p548,n537,n150,739.65,621.52,779.88,662.72
p549,n148,n538,588.0,351.62,562.29,383.77
p550,n538,n334,562.29,383.77,536.59,415.93
p551,n149,n539,704.16,533.84,708.69,489.54
p552,n539,n157,708.69,489.54,713.2,445.23
p553,n151,n540,617.83,373.57,593.86,406.66
p554,n540,n333,593.86,406.66,569.87,439.74
p555,n154,n541,652.08,399.06,628.02,430.93
p556,n541,n332,628.02,430.93,603.95,462.8
p557,n155,n542,877.85,782.22,874.98,729.11
p558,n542,n543,874.98,729.11,872.11,676.01
p559,n543,n163,872.11,676.01,869.24,622.9
p560,n157,n544,713.2,445.23,716.34,393.05
p561,n544,n165,716.34,393.05,719.47,340.87
p562,n158,n545,571.03,196.53,569.39,234.87
p563,n545,n546,569.39,234.87,590.31,265.14
p564,n546,n547,590.31,265.14,587.32,311.51
p565,n547,n548,587.32,311.51,641.12,327.38
p566,n548,n165,641.12,327.38,719.47,340.87
p567,n158,n549,571.03,196.53,625.26,208.53
p568,n549,n550,625.26,208.53,679.49,220.52
p569,n550,n172,679.49,220.52,733.72,232.53
p570,n159,n551,912.7,758.45,915.36,714.88
p571,n551,n552,915.36,714.88,918.04,671.32
p572,n552,n167,918.04,671.32,920.7,627.75
p573,n160,n553,756.81,470.46,766.72,416.35
p574,n553,n554,766.72,416.35,776.63,362.23
p575,n554,n555,776.63,362.23,786.54,308.12
p576,n555,n177,786.54,308.12,796.45,254.0
p577,n161,n556,843.12,600.12,857.92,564.2
p578,n556,n168,857.92,564.2,872.72,528.28
p579,n162,n557,934.43,751.2,938.32,690.38
p580,n557,n170,938.32,690.38,942.22,629.54
p581,n164,n558,800.83,492.62,807.76,447.08
p582,n558,n559,807.76,447.08,814.69,401.55
p583,n559,n560,814.69,401.55,821.61,356.01
p584,n560,n561,821.61,356.01,828.53,310.47
p585,n561,n179,828.53,310.47,835.46,264.94
p586,n165,n562,719.47,340.87,726.6,286.7
p587,n562,n172,726.6,286.7,733.72,232.53
p588,n166,n563,858.56,521.58,866.55,472.69
p589,n563,n564,866.55,472.69,874.56,423.8
p590,n564,n565,874.56,423.8,882.56,374.91
p591,n565,n566,882.56,374.91,890.57,326.03
p592,n566,n185,890.57,326.03,898.57,277.14
p593,n169,n567,993.5,734.78,996.72,686.36
p594,n567,n568,996.72,686.36,999.93,637.95
p595,n568,n178,999.93,637.95,1003.16,589.53
p596,n171,n569,893.49,538.09,902.12,487.6
p597,n569,n570,902.12,487.6,910.75,437.12
p598,n570,n571,910.75,437.12,919.39,386.63
p599,n571,n572,919.39,386.63,928.03,336.15
p600,n572,n188,928.03,336.15,936.66,285.66
p601,n173,n573,928.9,554.77,934.34,501.67
p602,n573,n574,934.34,501.67,939.77,448.58
p603,n574,n575,939.77,448.58,945.21,395.48
p604,n575,n576,945.21,395.48,950.64,342.39
p605,n576,n189,950.64,342.39,956.08,289.28
p606,n176,n577,1067.85,732.35,1054.81,679.14
p607,n577,n181,1054.81,679.14,1056.46,630.41
p608,n176,n578,1067.85,732.35,1099.42,725.23
p609,n578,n184,1099.42,725.23,1130.99,718.1
p610,n182,n579,1077.3,658.25,1104.15,688.18
p611,n579,n184,1104.15,688.18,1130.99,718.1
p612,n186,n580,1090.25,587.4,1089.4,537.54
p613,n580,n193,1089.4,537.54,1088.53,487.69
p614,n187,n581,1011.43,450.85,1016.04,401.12
p615,n581,n582,1016.04,401.12,1020.63,351.38
p616,n582,n195,1020.63,351.38,1025.24,301.64
p617,n191,n583,1204.59,707.94,1250.78,703.35
p618,n583,n584,1250.78,703.35,1302.89,698.44
p619,n584,n585,1302.89,698.44,1348.76,700.57
p620,n585,n198,1348.76,700.57,1395.96,701.0
p621,n191,n586,1204.59,707.94,1200.6,665.63
p622,n586,n587,1200.6,665.63,1196.61,623.33
p623,n587,n196,1196.61,623.33,1192.63,581.02
p624,n192,n588,1137.55,583.51,1137.02,532.09
p625,n588,n194,1137.02,532.09,1107.83,487.78
p626,n194,n589,1107.83,487.78,1109.85,431.01
p627,n589,n590,1109.85,431.01,1111.86,374.23
p628,n590,n197,1111.86,374.23,1113.87,317.46
p629,n195,n591,1025.24,301.64,1069.56,309.55
p630,n591,n197,1069.56,309.55,1113.87,317.46
p631,n196,n592,1192.63,581.02,1191.15,530.85
p632,n592,n593,1191.15,530.85,1189.67,480.69
p633,n593,n594,1189.67,480.69,1188.2,430.51
p634,n594,n595,1188.2,430.51,1186.72,380.35
p635,n595,n199,1186.72,380.35,1185.25,330.18
p636,n196,n596,1192.63,581.02,1244.42,578.71
p637,n596,n597,1244.42,578.71,1296.22,576.4
p638,n597,n598,1296.22,576.4,1348.01,574.08
p639,n598,n200,1348.01,574.08,1399.8,571.76
p640,n198,n599,1395.96,701.0,1446.77,705.8
p641,n599,n600,1446.77,705.8,1491.26,699.57
p642,n600,n601,1491.26,699.57,1534.31,677.0
p643,n601,n203,1534.31,677.0,1563.84,639.4
p644,n198,n602,1395.96,701.0,1397.24,657.92
p645,n602,n603,1397.24,657.92,1398.52,614.85
p646,n603,n200,1398.52,614.85,1399.8,571.76
p647,n199,n604,1185.25,330.18,1229.78,334.88
p648,n604,n605,1229.78,334.88,1274.33,339.58
p649,n605,n606,1274.33,339.58,1318.87,344.28
p650,n606,n607,1318.87,344.28,1363.41,348.97
p651,n607,n204,1363.41,348.97,1407.95,353.67
p652,n199,n608,1185.25,330.18,1221.67,351.59
p653,n608,n609,1221.67,351.59,1240.85,404.62
p654,n609,n610,1240.85,404.62,1258.66,457.29
p655,n610,n611,1258.66,457.29,1282.94,499.35
p656,n611,n612,1282.94,499.35,1329.98,513.41
p657,n612,n613,1329.98,513.41,1369.15,537.26
p658,n613,n200,1369.15,537.26,1399.8,571.76
p659,n200,n614,1399.8,571.76,1453.18,576.91
p660,n614,n201,1453.18,576.91,1506.54,582.04
p661,n200,n615,1399.8,571.76,1400.09,519.86
p662,n615,n616,1400.09,519.86,1398.72,459.98
p663,n616,n617,1398.72,459.98,1398.51,412.03
p664,n617,n204,1398.51,412.03,1407.95,353.67
p665,n201,n618,1506.54,582.04,1535.19,610.72
p666,n618,n203,1535.19,610.72,1563.84,639.4
p667,n202,n619,1508.93,554.08,1509.11,507.78
p668,n619,n620,1509.11,507.78,1509.28,461.48
p669,n620,n621,1509.28,461.48,1509.45,415.17
p670,n621,n214,1509.45,415.17,1509.62,368.87
p671,n204,n622,1407.95,353.67,1458.79,361.27
p672,n622,n214,1458.79,361.27,1509.62,368.87
p673,n206,n623,1636.63,668.44,1674.79,646.09
p674,n623,n226,1674.79,646.09,1712.94,623.74
p675,n207,n624,1558.76,511.02,1597.52,514.45
p676,n624,n210,1597.52,514.45,1636.29,517.86
p677,n208,n625,1629.01,592.81,1586.15,589.44
p678,n625,n337,1586.15,589.44,1543.29,586.07
p679,n211,n626,1672.42,568.34,1706.96,571.61
p680,n626,n233,1706.96,571.61,1754.99,555.7
p681,n218,n627,1562.62,897.08,1604.61,905.72
p682,n627,n220,1604.61,905.72,1646.61,914.36
p683,n218,n628,1562.62,897.08,1507.73,900.61
p684,n628,n629,1507.73,900.61,1452.84,904.14
p685,n629,n335,1452.84,904.14,1397.95,907.67
p686,n219,n630,1558.86,845.7,1600.17,843.19
p687,n630,n222,1600.17,843.19,1641.48,840.68
p688,n219,n631,1558.86,845.7,1540.37,811.06
p689,n631,n338,1540.37,811.06,1521.88,776.43
p690,n220,n632,1646.61,914.36,1696.13,920.24
p691,n632,n633,1696.13,920.24,1745.66,926.11
p692,n633,n634,1745.66,926.11,1795.19,931.98
p693,n634,n635,1795.19,931.98,1844.71,937.86
p694,n635,n636,1844.71,937.86,1894.24,943.73
p695,n636,n230,1894.24,943.73,1943.76,949.61
p696,n222,n637,1641.48,840.68,1639.5,801.7
p697,n637,n638,1639.5,801.7,1633.64,755.86
p698,n638,n639,1633.64,755.86,1653.87,715.57
p699,n639,n640,1653.87,715.57,1701.44,686.96
p700,n640,n641,1701.44,686.96,1752.66,674.56
p701,n641,n229,1752.66,674.56,1757.58,636.18
p702,n223,n642,1690.26,842.71,1742.99,840.56
p703,n642,n643,1742.99,840.56,1795.73,838.42
p704,n643,n644,1795.73,838.42,1848.45,836.28
p705,n644,n232,1848.45,836.28,1901.18,834.14
p706,n223,n645,1690.26,842.71,1693.12,888.63
p707,n645,n646,1693.12,888.63,1742.2,892.35
p708,n646,n647,1742.2,892.35,1796.56,895.3
p709,n647,n648,1796.56,895.3,1848.07,895.32
p710,n648,n228,1848.07,895.32,1904.17,894.73
p711,n224,n649,1691.99,782.26,1743.54,779.95
p712,n649,n650,1743.54,779.95,1795.1,777.63
p713,n650,n651,1795.1,777.63,1846.64,775.31
p714,n651,n235,1846.64,775.31,1898.19,772.99
p715,n224,n652,1691.99,782.26,1694.43,740.22
p716,n652,n225,1694.43,740.22,1757.1,733.69
p717,n225,n653,1757.1,733.69,1803.15,728.38
p718,n653,n654,1803.15,728.38,1849.2,723.06
p719,n654,n239,1849.2,723.06,1895.25,717.74
p720,n225,n655,1757.1,733.69,1755.94,692.12
p721,n655,n656,1755.94,692.12,1798.11,691.81
p722,n656,n657,1798.11,691.81,1849.13,690.97
p723,n657,n241,1849.13,690.97,1893.1,683.37
p724,n228,n658,1904.17,894.73,1954.28,894.64
p725,n658,n240,1954.28,894.64,2004.39,894.55
p726,n230,n659,1943.76,949.61,1996.25,948.37
p727,n659,n660,1996.25,948.37,2048.73,947.13
p728,n660,n248,2048.73,947.13,2101.21,945.9
p729,n240,n661,2004.39,894.55,2008.51,838.17
p730,n661,n662,2008.51,838.17,2010.38,787.87
p731,n662,n663,2010.38,787.87,2011.09,725.66
p732,n663,n252,2011.09,725.66,1998.45,693.21
p733,n245,n664,2046.96,894.6,2048.98,844.01
p734,n664,n665,2048.98,844.01,2050.98,793.42
p735,n665,n666,2050.98,793.42,2053.0,742.84
p736,n666,n258,2053.0,742.84,2055.01,692.25
p737,n246,n667,1771.99,413.95,1796.76,388.13
p738,n667,n254,1796.76,388.13,1848.77,391.16
p739,n248,n668,2101.21,945.9,2149.97,952.42
p740,n668,n669,2149.97,952.42,2200.94,951.41
p741,n669,n670,2200.94,951.41,2247.08,957.97
p742,n670,n671,2247.08,957.97,2293.71,965.39
p743,n671,n672,2293.71,965.39,2343.68,976.6
p744,n672,n271,2343.68,976.6,2393.77,985.03
p745,n251,n673,1952.82,622.69,1947.14,578.6
p746,n673,n674,1947.14,578.6,1941.47,534.52
p747,n674,n675,1941.47,534.52,1935.8,490.43
p748,n675,n260,1935.8,490.43,1930.12,446.34
p749,n252,n676,1998.45,693.21,1990.57,655.35
p750,n676,n255,1990.57,655.35,1982.68,617.48
p751,n255,n677,1982.68,617.48,2031.66,600.44
p752,n677,n264,2031.66,600.44,2080.64,583.4
p753,n257,n678,2162.96,890.35,2220.36,891.08
p754,n678,n265,2220.36,891.08,2277.74,891.8
p755,n257,n679,2162.96,890.35,2164.96,839.55
p756,n679,n680,2164.96,839.55,2166.95,788.76
p757,n680,n263,2166.95,788.76,2168.95,737.97
p758,n261,n681,1925.52,395.4,1975.76,397.91
p759,n681,n682,1975.76,397.91,2026.0,400.45
p760,n682,n272,2026.0,400.45,2076.24,402.96
p761,n262,n683,2118.18,680.81,2101.51,626.53
p762,n683,n264,2101.51,626.53,2080.64,583.4
p763,n263,n684,2168.95,737.97,2218.47,734.57
p764,n684,n685,2218.47,734.57,2267.98,731.19
p765,n685,n686,2267.98,731.19,2317.5,727.79
p766,n686,n283,2317.5,727.79,2367.0,724.4
p767,n266,n687,2101.07,568.83,2097.23,525.5
p768,n687,n270,2097.23,525.5,2093.38,482.16
p769,n266,n688,2101.07,568.83,2148.93,543.97
p770,n688,n278,2148.93,543.97,2196.79,519.11
p771,n269,n689,2200.09,674.83,2249.12,671.84
p772,n689,n690,2249.12,671.84,2298.14,668.85
p773,n690,n284,2298.14,668.85,2347.17,665.86
p774,n270,n691,2093.38,482.16,2084.82,442.56
p775,n691,n272,2084.82,442.56,2076.24,402.96
p776,n271,n692,2393.77,985.03,2441.95,996.02
p777,n692,n693,2441.95,996.02,2490.13,1007.01
p778,n693,n694,2490.13,1007.01,2538.32,1018.0
p779,n694,n695,2538.32,1018.0,2586.51,1028.99
p780,n695,n696,2586.51,1028.99,2634.69,1039.98
p781,n696,n298,2634.69,1039.98,2682.87,1050.98
p782,n272,n697,2076.24,402.96,2118.1,403.1
p783,n697,n698,2118.1,403.1,2159.96,403.23
p784,n698,n285,2159.96,403.23,2201.82,403.37
p785,n273,n699,2198.62,603.33,2246.41,600.15
p786,n699,n700,2246.41,600.15,2294.22,596.98
p787,n700,n290,2294.22,596.98,2342.02,593.81
p788,n274,n701,2409.17,938.26,2452.31,948.07
p789,n701,n702,2452.31,948.07,2495.43,957.88
p790,n702,n287,2495.43,957.88,2538.56,967.69
p791,n277,n703,2197.04,535.91,2242.12,535.04
p792,n703,n704,2242.12,535.04,2288.94,530.9
p793,n704,n705,2288.94,530.9,2335.04,529.47
p794,n705,n290,2335.04,529.47,2342.02,593.81
p795,n279,n706,2196.9,506.88,2231.84,492.67
p796,n706,n288,2231.84,492.67,2266.76,478.46
p797,n279,n707,2196.9,506.88,2199.37,455.13
p798,n707,n285,2199.37,455.13,2201.82,403.37
p799,n281,n708,2426.89,885.77,2487.09,884.88
p800,n708,n295,2487.09,884.88,2547.28,884.0
p801,n282,n709,2429.12,832.94,2481.92,831.1
p802,n709,n710,2481.92,831.1,2534.72,829.27
p803,n710,n711,2534.72,829.27,2587.5,827.44
p804,n711,n712,2587.5,827.44,2640.3,825.61
p805,n712,n311,2640.3,825.61,2693.1,823.77
p806,n285,n713,2201.82,403.37,2248.82,402.02
p807,n713,n714,2248.82,402.02,2295.81,400.66
p808,n714,n715,2295.81,400.66,2342.81,399.31
p809,n715,n716,2342.81,399.31,2389.8,397.95
p810,n716,n717,2389.8,397.95,2436.8,396.6
p811,n717,n313,2436.8,396.6,2483.8,395.24
p812,n286,n718,2425.74,786.58,2473.87,784.38
p813,n718,n719,2473.87,784.38,2522.0,782.19
p814,n719,n720,2522.0,782.19,2570.13,779.99
p815,n720,n721,2570.13,779.99,2618.27,777.79
p816,n721,n722,2618.27,777.79,2666.4,775.59
p817,n722,n723,2666.4,775.59,2714.53,773.4
p818,n723,n320,2714.53,773.4,2762.66,771.21
p819,n287,n724,2538.56,967.69,2588.98,979.19
p820,n724,n725,2588.98,979.19,2646.7,993.94
p821,n725,n304,2646.7,993.94,2673.29,940.08
p822,n289,n726,2408.92,721.88,2459.66,718.99
p823,n726,n727,2459.66,718.99,2510.41,716.11
p824,n727,n728,2510.41,716.11,2561.15,713.22
p825,n728,n729,2561.15,713.22,2611.89,710.35
p826,n729,n730,2611.89,710.35,2662.64,707.46
p827,n730,n731,2662.64,707.46,2713.39,704.58
p828,n731,n322,2713.39,704.58,2764.13,701.69
p829,n294,n732,2412.43,668.54,2449.91,666.37
p830,n732,n299,2449.91,666.37,2487.38,664.19
p831,n294,n733,2412.43,668.54,2409.48,622.7
p832,n733,n734,2409.48,622.7,2405.53,564.31
p833,n734,n301,2405.53,564.31,2411.41,522.16
p834,n295,n735,2547.28,884.0,2594.19,889.35
p835,n735,n736,2594.19,889.35,2641.08,894.72
p836,n736,n307,2641.08,894.72,2687.99,900.08
p837,n296,n737,2576.89,923.8,2625.09,931.94
p838,n737,n304,2625.09,931.94,2673.29,940.08
p839,n298,n738,2682.87,1050.98,2706.11,999.69
p840,n738,n739,2706.11,999.69,2727.17,950.91
p841,n739,n740,2727.17,950.91,2740.36,904.38
p842,n740,n314,2740.36,904.38,2750.64,847.75
p843,n299,n741,2487.38,664.19,2534.19,661.42
p844,n741,n742,2534.19,661.42,2581.0,658.66
p845,n742,n743,2581.0,658.66,2627.82,655.9
p846,n743,n744,2627.82,655.9,2674.62,653.14
p847,n744,n745,2674.62,653.14,2721.42,650.38
p848,n745,n323,2721.42,650.38,2768.23,647.61
p849,n300,n746,2719.49,1060.34,2753.41,1018.17
p850,n746,n747,2753.41,1018.17,2771.3,975.8
p851,n747,n748,2771.3,975.8,2789.58,940.06
p852,n748,n749,2789.58,940.06,2802.18,898.45
p853,n749,n319,2802.18,898.45,2811.17,856.43
p854,n302,n750,2411.1,516.74,2412.37,471.08
p855,n750,n310,2412.37,471.08,2476.94,457.71
p856,n305,n751,2483.71,601.56,2531.97,598.27
p857,n751,n752,2531.97,598.27,2580.23,594.98
p858,n752,n753,2580.23,594.98,2628.5,591.7
p859,n753,n754,2628.5,591.7,2676.76,588.4
p860,n754,n755,2676.76,588.4,2725.02,585.11
p861,n755,n324,2725.02,585.11,2773.28,581.82
p862,n306,n756,2480.63,546.14,2525.67,543.31
p863,n756,n757,2525.67,543.31,2570.71,540.48
p864,n757,n318,2570.71,540.48,2615.75,537.65
p865,n307,n758,2687.99,900.08,2690.54,861.93
p866,n758,n311,2690.54,861.93,2693.1,823.77
p867,n309,n759,2478.53,499.12,2518.25,496.5
p868,n759,n315,2518.25,496.5,2557.96,493.87
p869,n312,n760,2476.35,445.43,2516.01,442.21
p870,n760,n317,2516.01,442.21,2555.67,439.01
p871,n313,n761,2483.8,395.24,2522.09,396.82
p872,n761,n321,2522.09,396.82,2560.37,398.41
p873,n315,n762,2557.96,493.87,2612.76,495.03
p874,n762,n318,2612.76,495.03,2615.75,537.65
p875,n318,n763,2615.75,537.65,2670.96,532.39
p876,n763,n764,2670.96,532.39,2708.51,543.91
p877,n764,n325,2708.51,543.91,2772.13,534.16
p878,n319,n765,2811.17,856.43,2814.63,805.61
p879,n765,n766,2814.63,805.61,2818.1,754.79
p880,n766,n767,2818.1,754.79,2821.57,703.97
p881,n767,n768,2821.57,703.97,2825.03,653.13
p882,n768,n769,2825.03,653.13,2828.5,602.31
p883,n769,n770,2828.5,602.31,2831.97,551.49
p884,n770,n329,2831.97,551.49,2835.43,500.67
p885,n321,n771,2560.37,398.41,2614.73,390.2
p886,n771,n772,2614.73,390.2,2669.1,381.98
p887,n772,n773,2669.1,381.98,2723.45,373.77
p888,n773,n330,2723.45,373.77,2777.81,365.56
p889,n329,n774,2835.43,500.67,2828.16,456.05
p890,n774,n331,2828.16,456.05,2820.89,411.44
p891,n330,n775,2777.81,365.56,2808.79,364.69
p892,n775,n331,2808.79,364.69,2820.89,411.44
p893,n335,n776,1397.95,907.67,1356.19,927.44
p894,n776,n340,1356.19,927.44,1314.42,947.21
p895,n338,n777,1521.88,776.43,1561.01,740.81
p896,n777,n339,1561.01,740.81,1600.13,705.2
p897,n338,n778,1521.88,776.43,1487.17,801.53
p898,n778,n779,1487.17,801.53,1452.46,826.63
p899,n779,n342,1452.46,826.63,1417.76,851.74
p900,n338,n780,1521.88,776.43,1487.84,761.07
p901,n780,n781,1487.84,761.07,1440.88,763.0
p902,n781,n341,1440.88,763.0,1391.36,762.78
p903,n341,n782,1391.36,762.78,1404.56,807.26
p904,n782,n342,1404.56,807.26,1417.76,851.74
p905,n46,n47,574.86,1216.08,570.9,1208.08
